10909_d.las,15/24a-4
11924_d.las,15/17-25
12237_d.las,15/16b-20
15463_d.las,15/21b-45
15856_d.las,15/21b-47
18650d001.las,15/21a-51
18761_d.las,15/13a-4Z
23899_d.las,14/20b-29
23959d.las,15/11b-5
24792d.las,15/23d-13
25560d.las,15/22-14
2657_d.las,15/12-1
27553_d.las,15/19-9
2989_d.las,15/21b-21
3089_d.las,15/17-15
7073_d.las,15/19-5
7186_d1.las,15/16b-18
853_d.las,14/20-1
854_d.las,14/20-10
855_d.las,14/20-11
856_d.las,14/20-12
857_d.las,14/20-13
858_d.las,14/20-14
859_d.las,14/20-2
862_d.las,14/20-5
864_d.las,14/20-7
865_d.las,14/20-8
866_d.las,14/20-9
875_d.las,15/11-1
881_d.las,15/13-2
882_d.las,15/13-3
890_d.las,15/16-5
899_d.las,15/17-4
901_d.las,15/17-6
902_d.las,15/17-7
903D001.las,15/17-8A
904_d.las,15/17-9
905_d.las,15/18-1
906_d.las,15/18-2
907_d.las,15/19-1
908_d.las,15/19-2
913_d.las,15/21-1
9570_d.las,15/17-24
